City_ID,cities,latitudes,longitude,max temp,humidity,cloudiness,wind speed,country,time
0,bikenibeu village,3.762169483516928,178.70892753121677,301.48,75,30,4.52,,
1,freetown,1.42456577711242,-23.351072555170532,299.73,70,52,6.85,,
2,bilibino,64.68617442946226,170.03529918449686,293.62,42,91,2.7,RU,1689027969
3,kavieng,-1.1260868591473212,153.4078954641077,301,79,87,5.17,,
4,karratha,-18.363769160502727,110.12198817693479,296.08,72,99,6.4,,
5,tazacorte,27.3523876271166,-27.09226815160315,296.82,72,8,6.35,,
6,charqueada,-22.441636315651778,-47.840598725816534,293.05,52,66,2.1,BR,1689027970
7,georgetown,-12.823767462192833,-16.6504870190478,296.61,71,29,8.03,,
8,blackmans bay,-77.42263328377688,147.24870878199454,233.31,100,94,4.66,,
9,oytal,43.13471530297008,73.21037915198144,292.96,35,0,3.6,KZ,1689027970
10,papatowai,-73.51466754720715,170.91963242008262,239.78,100,100,3.42,,
11,thirroul,-34.33301276434888,151.06440179908566,281.69,59,0,5.01,AU,1689027971
12,kabinda,-7.136100732991579,25.682552531059372,294.7,46,19,1.62,,
13,shijiang,26.77552063023053,111.00806882537012,298.06,85,100,1.7,CN,1689027971
14,olonkinbyen,77.7303938314424,-12.757646551327127,273.05,92,100,4.25,,
15,mount pearl,35.40480922940074,-45.143153277453024,297.94,89,82,9.25,,
16,iqaluit,82.10345083485441,-82.58124962760918,274.21,87,22,0.66,,
17,hawaiian paradise park,21.631339376801805,-142.66782175553845,295.91,74,35,8.15,,
18,wailua homesteads,39.749951461198094,-172.85489392248294,291.93,98,58,4.52,,
19,tura,70.19267147507549,97.40036014202258,279.87,87,98,3.84,,
20,shilin,24.71492116747318,103.48962063135889,287.31,98,60,2.37,CN,1689027973
21,port-aux-francais,-81.34760165756616,81.01761903731011,224.21,100,100,5.88,,
22,atafu village,2.005853629730126,-172.98848626264586,301.55,78,100,6.62,,
23,nar'yan-mar,71.72695789413567,48.64055324568389,278.73,84,100,7.48,,
24,ushuaia,-77.92200771235119,-79.69757867576855,251.4,99,100,2.11,,
25,new norfolk,-61.341104510563525,129.47417673788624,269.6,70,47,5.85,,
26,haiku-pauwela,35.34038417104047,-145.1551864157095,294.37,80,35,2.22,,
27,kijang,1.8593549616500837,105.06626259259053,301.7,71,28,1.83,ID,1689027974
28,bestobe,52.59381781699773,72.89508705382883,297.49,41,73,3.17,KZ,1689027975
29,palangkaraya,-0.23777429344352186,113.09883636852214,294.05,99,86,0.68,ID,1689027975
30,selfoss,59.49334865677105,-20.8948145612394,285.4,95,98,4.98,,
31,crane,20.2529581639743,-49.0939620563139,299.75,85,12,8.44,,
32,fonadhoo,1.16365086150941,77.28448455683338,301.24,74,100,5.53,,
33,grytviken,-87.95962017988619,-20.22226398482087,229.83,68,11,8.77,,
34,fisterra,42.00000751674685,-16.785397229361138,293.05,91,74,7.01,,
35,el calafate,-48.67833639946494,-79.86271827725109,278.63,75,95,6.3,,
36,hatton,6.767013278813778,80.69104842800266,288.46,93,100,2.75,LK,1689027976
37,puerto natales,-86.9641820424366,-110.01646186758525,229.28,69,28,6.78,,
38,mikhaylovsk,56.39631722028045,59.27090074105979,294.11,64,100,1.49,RU,1689027977
39,zeya,53.09256624698199,128.27896147800232,291.72,48,9,0.54,RU,1689027978
40,bredasdorp,-89.43432935049015,17.991747772490214,227.92,65,11,7.24,,
41,yellowknife,68.1866686163161,-109.1993228252327,279.51,70,100,8.54,,
42,stanley,-48.125611595586264,-55.714690632459664,276.95,76,98,7.05,,
43,albany,-60.71791314176513,112.0125688082145,271.98,85,100,11.66,,
44,west island,-10.56715526198623,88.30346824245782,299.48,70,100,10.86,,
45,east london,-54.01195480005504,42.43587167689955,273.24,76,100,11.27,,
46,nyaunglebin,18.080991874052927,96.81384866041554,297.34,98,100,2.22,MM,1689027982
47,suai,-10.868348406830947,125.92862240442184,299.25,72,92,4.83,,
48,isafjordur,64.99689387199535,-23.81247094299337,285.32,67,13,8.89,IS,1689027983
49,gamba,-6.271458332534266,6.655533585706053,295.74,76,24,4.07,,
50,anloga,4.710439044760889,1.835626930258286,298.81,86,99,5.44,,
51,aasiaat,73.70181232131782,-61.48380589479912,273.23,94,100,2.62,,
52,port elizabeth,-61.95984850501692,33.98455022576181,270.2,85,100,10.03,,
53,uturoa,-8.634198897291299,-154.20044656118404,301.1,79,90,10.32,,
54,cabo san lucas,15.482786329156639,-117.95025851640645,299.09,79,100,3.09,,
55,rongelap,26.097561519861472,167.55686740604318,300.08,71,97,3.79,,
56,la passe,1.9438140026074961,58.723706770390095,300.35,79,31,3.55,,
57,raholt,60.522799439444015,11.164671152515524,288.72,98,100,1.63,NO,1689027985
58,kavaratti,7.886453835490897,64.82170242397004,300.72,80,98,5.47,,
59,port mathurin,-24.68348722597152,68.94816867355513,294.37,79,98,6.22,,
60,praia da vitoria,42.83141161529795,-23.67144537748308,290.88,95,100,4.17,,
61,oualidia,34.844800513391334,-12.155289954790419,294.45,78,0,9.1,,
62,longyearbyen,84.37879070841171,9.056052710259337,273.64,94,100,4.87,,
63,kaoma,-15.577425237478963,25.58214770802877,283.34,19,0,4.43,ZM,1689027987
64,jamestown,-10.09852019184845,0.352428293728309,295.17,74,98,8.08,,
65,adamstown,-63.67897077417043,-128.66455539305844,262.57,99,100,12.29,,
66,waitangi,-85.97956614647805,-160.6229554256612,238.41,56,66,8.23,,
67,auki,-4.897747911944677,162.9790368518225,301.38,78,100,7.89,,
68,yamada,37.94670465248133,146.10434899257706,294.62,99,73,4.11,,
69,port lincoln,-33.98911930909961,135.04581941804014,285.85,69,0,5.62,AU,1689027988
70,chillicothe,39.32717513125192,-83.12399152241137,302.22,40,0,3.09,US,1689027988
71,miracema do tocantins,-9.75354450408355,-48.173508408408935,300.9,40,61,0.8,BR,1689027989
72,san matias,-16.67478274399896,-58.340337626065406,303.83,31,30,1.94,BO,1689027989
73,invercargill,-81.16011476617219,162.68053239845722,244.94,98,100,3.56,,
74,hamilton,31.13862349532063,-60.757566971237395,299.65,87,100,6.42,,
75,anadyr,51.25954546555411,176.8629129889277,281.33,96,100,3.21,,
76,bethel,78.36127738706924,-167.16976255352213,273.91,94,100,2.62,,
77,anna regina,8.892273115756055,-57.10108459479183,301.47,80,6,5.94,,
78,kovdor,68.25488727924201,29.556241169494484,285.97,62,44,1.6,FI,1689027991
79,petropavlovsk-kamchatsky,52.5842534531761,159.04383630204416,282.52,94,100,0.99,RU,1689027991
80,margate,-38.35620368287762,37.32217531184713,285.92,83,100,13.54,,
81,palu,-0.32807411468112946,119.56808296648842,300.33,76,83,2.7,ID,1689027991
82,ponta delgada,32.619515459624765,-27.40343450653137,296.01,73,35,1.34,,
83,tiksi,79.85008746555906,124.34686793984429,273.43,89,100,7,,
84,stolbovaya,55.286520675691236,37.47739551872024,287.92,68,100,5.32,RU,1689027992
85,karkira,37.919374942999184,6.310274532388036,299.55,82,0,3.77,DZ,1689027992
86,nizhniy kuranakh,58.91463118996822,125.5049616774707,290.8,67,19,1.3,RU,1689027992
87,tokar,17.915209504268176,37.94555113329673,303.23,38,39,2.15,SD,1689027993
88,port alfred,-55.18340685275177,33.43587921692739,273.05,82,94,14.65,,
89,margaret river,-44.69503533108374,99.2998573943762,279.78,87,100,3.65,,
90,isabela,18.754144560375735,-66.9157567434914,303.56,82,7,10.39,PR,1689027993
91,kodiak,50.45000707424035,-153.17146256609345,283.14,97,100,7.22,,
92,iskateley,86.88977090243779,54.331192433754296,273.55,97,100,8.29,,
93,college,81.9192999571232,-152.20153414653805,273.85,95,96,2.86,,
94,forbes,-32.552956002177886,146.56405845416037,280.9,73,10,1.48,AU,1689027994
95,tranovaho,-28.294034493531257,43.455245479062825,293.58,80,55,8.27,,
96,letlhakeng,-23.35623263523027,24.026157190717555,277.36,30,0,3.99,BW,1689027995
97,polyarnyy,76.04619567941785,38.08797101031723,274.76,88,73,7.43,,
98,qamdo,31.007645818138784,94.6625984847633,283.56,78,100,1.75,CN,1689027996
99,nouadhibou,23.5529710091989,-21.392100867474625,296.77,88,1,9.47,,
100,fortuna,37.830990865631534,-143.6502453019985,294.61,83,25,7.16,,
101,coracora,-14.642951003886296,-73.06444437528476,281.18,34,67,4.09,PE,1689027997
102,shakhovskaya,56.09204834538167,35.47061081815042,284.61,68,49,4.63,RU,1689027998
103,urengoy,66.07291044553193,80.2793348338277,280.55,67,0,4.96,RU,1689027998
104,ilulissat,88.3049013314143,-44.33096315237415,273.72,93,100,6.34,,
105,taiohae,-7.622102813055406,-135.47339148373808,299.64,77,3,10,,
106,robore,-18.504914456929797,-60.54406360614523,303.24,39,89,4.22,BO,1689027998
107,klyuchi,58.18316001024655,162.39800247556536,283.24,96,100,2.59,RU,1689027999
108,west kelowna,50.08610460967239,-119.96107550592671,296.9,33,100,3.45,CA,1689027999
109,tibanesti,46.84179724210219,27.222066818055453,293.33,60,62,1.74,RO,1689027999
110,xilin hot,42.86743189091845,115.21399190838878,290.9,63,12,2.24,CN,1689027999
111,talnakh,67.9358363285886,94.06731959512871,279.28,73,100,3.64,,
112,rambha,19.581207929828835,85.3327393172483,302.02,81,100,3.41,IN,1689028000
113,crystal city,28.924853098010416,-99.61866546581004,312.94,23,13,5.78,US,1689028000
114,posto fiscal rolim de moura,-12.160102291009565,-62.205253826238476,299.23,48,0,1.1,BR,1689028000
115,la ronge,64.07612536479235,-104.52097843348663,291.26,37,100,2.45,,
116,lihue,16.63556794140102,-179.9233123313372,300.36,81,100,6.23,,
117,weno,9.00514991303433,154.4795906059021,301.75,75,100,4.37,,
118,ketchikan,50.01024987495674,-135.20121403890113,286.05,77,100,2.07,,
119,udachny,72.83409058926983,116.78267555589673,278.88,88,98,6.6,RU,1689028001
120,san antonio de pale,-8.701275906128487,2.514424214693406,295.22,73,100,6.99,,
121,ribeira grande,29.830143598987604,-31.44513919560592,296.95,63,8,2.12,,
122,rio negrinho,-26.280791133001692,-49.62971378233192,290.02,100,100,0.73,BR,1689028002
123,edinburgh of the seven seas,-43.33805154986972,0.6041109900138224,283.8,84,100,15.78,,
124,lompoc,25.174072161713497,-134.8674197174176,293.81,80,70,8.11,,
125,badger,89.47702589155972,-134.98033706132205,273.35,98,100,7.44,,
126,dawson creek,54.85131690039452,-120.32898653056233,297.23,39,94,1.61,CA,1689028003
127,arkhangel'sk,71.50719429400456,42.37085229524422,279.25,81,100,6.41,,
128,macas,-2.7581231602844127,-76.5738317033789,300.87,74,62,1.14,EC,1689028004
129,puerto armuelles,7.46944964013376,-83.55894693630258,301.55,78,21,4.92,PA,1689028004
130,igrim,65.062585339012,62.59563382042907,280.55,80,62,3.01,RU,1689028005
131,taungdwingyi,19.798274218881843,95.32220018703049,297.99,88,99,4.18,MM,1689028005
132,coahuayana de hidalgo,17.089461540784356,-103.84287939055177,299.51,78,98,2.91,,
133,punta arenas,-64.19894011606206,-79.07038044255488,273.09,89,100,11.75,,
134,belozersk,59.90959693785928,37.30372643009093,283.62,71,98,3.42,RU,1689028005
135,uray,60.55787048703894,65.18145062746066,288.21,87,99,3.29,RU,1689028006
136,vorgashor,80.46393285367077,62.05475643309873,273.53,88,99,8.17,,
137,yaren,-4.268779984619414,169.13111294156607,301.39,77,100,5.89,,
138,thompson,77.62880184402619,-91.461881370364,273.83,92,27,3.36,,
139,puerto ayora,-11.358878675955737,-101.14807250910857,295.92,71,27,8.51,,
140,kirensk,61.871436614748006,108.17522259705385,290.39,87,45,3.99,RU,1689028007
141,avarua,-31.746666304280893,-156.34891527838536,291.61,81,100,3.65,,
142,shiyan,32.36873793885378,110.9299909262503,298.05,95,80,0.76,CN,1689028007
143,eyl,4.603252402118841,55.88289048933231,298.79,90,100,6.08,,
144,portland,-41.68833010350104,141.37768177573577,285.32,80,52,11.16,,
145,palmer,58.83421349171195,-144.2171484929251,284.99,83,100,3.51,,
146,nova sintra,10.901184788670179,-35.054582649811266,300.55,80,61,9.5,,
147,zhuanghe,39.19120260743841,123.00764380707722,295.88,95,92,4.79,CN,1689028008
148,martapura,-5.153061709826289,114.68282224933273,300.96,72,4,8.85,,
149,antofagasta,-23.523951475627072,-70.07350150734376,282.54,50,6,3.48,CL,1689028008
150,swainsboro,32.84415502679005,-82.46449904928633,300.23,69,0,2.57,US,1689028009
151,sonsorol village,5.776051861819965,132.14137028303554,300.98,81,100,5.41,,
152,tongren,27.230345759714893,108.84301424738265,296.46,96,99,0.87,CN,1689028009
153,pisco,-22.683685869787098,-87.38158873697412,292.87,66,6,8.51,,
154,balakhta,54.904692921263944,90.94674986043918,287.38,90,87,1.61,RU,1689028009
155,codrington,22.320316283641134,-55.48847551510033,301.12,80,68,6.37,,
156,gadzhiyevo,88.73701901623653,38.76113623593071,273.65,94,100,7.46,,
157,hermanus,-61.228805757607255,15.511024935942942,269.82,79,100,15.13,,
158,mil'kovo,54.568619318336886,155.18952470186866,282.92,91,41,5.39,,
159,tamandare,-9.584099351657713,-31.41569636355618,299.36,68,10,5.51,,
160,beira,-21.06094117598805,35.28693743259939,290.68,77,33,11.2,MZ,1689028011
161,pangody,67.61354352574813,74.15702318440273,275.96,88,0,4.12,RU,1689028011
162,tosontsengel,51.060005243459614,97.2686802484829,281.81,99,100,1.37,RU,1689028011
163,aleg,17.298535654274005,-13.399622881153476,311.44,24,4,2.88,MR,1689028011
164,whitehorse,62.323423407025786,-131.4112095753965,301.65,28,36,2.15,CA,1689028011
165,ain sukhna,28.90552170567483,31.963708608618106,299.89,43,0,4.67,EG,1689028012
166,sitampiky,-16.45088119624397,46.14928775974053,294.45,66,30,1.11,MG,1689028012
167,jayrud,33.73737037870646,36.99411638509048,296.59,51,0,0.2,SY,1689028012
168,dubrajpur,23.833619805833692,87.22227216915394,302.92,69,91,4.2,IN,1689028012
169,zheleznogorsk,56.69411620352878,93.59731736612184,286.88,92,53,1.89,RU,1689028013
170,mount gambier,-56.34088767372294,128.72186286781533,273.81,74,100,14.45,,
171,tazovsky,88.95618751056332,73.53663219988456,273.65,97,100,8.28,,
172,katsuura,27.390303530629225,146.71850234157495,299.59,69,88,0.2,,
173,vysokaya gora,56.16369493316725,49.19964522362193,290.26,97,100,5.3,RU,1689028013
174,kirakira,-16.520336421076465,159.27735139977676,297.53,79,100,10.18,,
175,linxia chengguanzhen,34.145120595610265,102.16062081234867,280.07,96,94,0.37,CN,1689028014
176,vingt cinq,-8.78375573290326,57.294299996081946,298.63,86,100,8.98,,
177,isangel,-20.05518766912307,173.28847436642894,295.01,62,100,6.34,,
178,kosh-agach,50.97918568284649,87.68825800762869,281.19,99,92,0.97,RU,1689028014
179,flying fish cove,-14.514556097853188,102.74598254418464,297.13,80,100,11.92,,
180,timbuktu,17.841400254504848,-2.3582642534324236,309.08,27,100,3.06,ML,1689028015
181,ushibukamachi,32.13569870736006,129.72003326739338,299.36,94,0,5.35,JP,1689028015
182,matadi,-5.90794972337595,13.595691337681444,295.44,74,9,2.15,CD,1689028015
183,bairnsdale,-39.10071298039554,148.15667356285968,286.57,78,4,13.89,AU,1689028015
184,hastings,-42.91650611737129,179.17725007159447,284.8,81,26,7.74,,
185,cartagena,10.143289705767984,-76.18149891752225,302.93,77,98,3.69,CO,1689028016
186,morant bay,16.22683819649336,-75.08532475174283,301.45,86,64,10.18,,
187,chernogorsk,54.01434874313853,90.81578697195317,283.84,82,100,2.08,RU,1689028016
188,tahlequah,35.645924487614664,-95.05371095426611,306.2,39,0,2,US,1689028016
189,al wafrah,28.560359899733342,48.027696108054414,307.41,19,0,2.7,KW,1689028017
190,qaqortoq,60.42114325453747,-36.09182151228086,283.31,84,75,1.13,,
191,sultanah,25.82553126538896,40.20942251003302,299.79,22,1,5.03,SA,1689028017
192,santa margherita ligure,44.15898783569273,9.216148789565977,300.77,69,0,0.73,IT,1689028017
193,kerikeri,-31.665929629626227,171.6710816162904,289.96,69,1,9.2,,
194,porto novo,16.39378631168067,-30.045018708436032,298.54,78,85,9.95,,
195,kwolla,8.937937273440951,9.247831696049502,298.21,80,41,1.23,NG,1689028018
196,juneau,58.1680202939055,-134.01639854633098,289.26,76,93,2.25,US,1689028018
197,wladyslawowo,55.915772808870855,18.300985601225534,290.12,80,100,3.96,PL,1689028018
198,saint-pierre,34.6063954720518,-51.85313343642949,299,88,54,7.63,,
199,al bardiyah,32.97188438499563,26.161210392688673,299.22,66,0,9.65,,
200,beledweyne,4.400067814123403,45.25647180862933,298.04,72,35,9.21,SO,1689028019
201,leninskiy,52.4284887313535,76.6894646915814,291.23,70,95,2.35,KZ,1689028019
202,baruun-urt,46.895861891682756,112.8203881267163,289.64,85,86,2.5,MN,1689028019
203,pleasanton,28.928478308708705,-98.5237154976212,313.63,35,0,4.12,US,1689028019
204,ambon,-5.28768382153973,127.92140556687974,299.75,86,100,9.21,,
205,cedeira,45.549349450355805,-8.281402944038376,292.72,94,13,7.79,,
206,frontera,19.76547018195798,-92.3997998845201,302.04,77,56,4.68,MX,1689028020
207,kruisfontein,-59.67252978796417,25.84629460575374,271.15,83,100,13.34,,
208,kyaikkami,15.555301622702473,96.56979227984453,300.47,81,93,4.39,MM,1689028020
209,kristiansund,68.08279998572849,6.2643160025684494,284.35,91,99,0.94,,
210,constantia,-41.73267436393787,4.534241122106238,283.73,88,100,10.44,,
211,selibaby,15.575152225451475,-12.020745108228994,307.91,36,39,6.15,MR,1689028021
212,waiuku,-37.6200661084372,173.20948232188113,287.38,75,57,9.78,NZ,1689028021
213,san pedro pochutla,10.02079984943083,-95.92721207299442,301.6,78,35,4.18,,
214,ancud,-41.140782609192925,-102.80454167701608,284.3,92,99,8.38,,
215,hadibu,7.43688778722948,59.257069046151315,299.64,90,83,7.93,,
216,birur,13.644777669404093,75.91550646004603,294.62,87,100,2.92,IN,1689028022
217,sovetskaya gavan',46.91910976727385,139.26492953522,288.12,99,100,4.79,RU,1689028023
218,tamanrasset,22.265272282937516,3.052659716719461,307,12,1,1.58,,
219,union hidalgo,16.672302797596842,-94.61294967656774,301.89,68,100,0.82,MX,1689028023
220,lorengau,-1.947712326676708,145.4525579037239,300.96,80,99,7.94,,
221,nguigmi,17.809033560138445,13.79532844312078,305.4,18,2,2.46,NE,1689028024
222,guerrero negro,23.23112347057645,-119.65012569306967,292.65,87,66,10.2,,
223,alice springs,-24.502860355403712,127.80048071661474,283.16,59,0,5.71,,
224,senatobia,34.70127985172067,-89.91155592902591,303.63,56,6,2.64,US,1689028024
225,las cruces,32.850407344574606,-106.64201760370504,311.46,16,68,4.93,US,1689028025
226,colonia,9.966218759532467,136.35479870111516,301.57,79,90,3.26,,
227,tadine,-23.61853731384828,169.39660120312288,293.83,58,89,4.79,,
228,kingston,-29.482275086653374,163.89558877560614,290.95,65,0,5.05,,
229,westport,54.307359020572164,-12.979792759149234,287.92,81,7,4.15,,
230,gisborne,-39.0640594224974,178.98181958591778,286.36,82,100,9.36,NZ,1689028026
231,abepura,-2.9490165849469463,140.58484839289508,297.51,98,100,0.32,ID,1689028026
232,alofi,-20.005495383966633,-170.23920556274774,297.74,79,7,6.72,NU,1689028027
233,tulum,19.387629776945303,-86.80724024281902,302.54,79,7,6.32,MX,1689028027
234,den burg,53.09776876672487,5.044810503765689,292.58,68,75,6.69,NL,1689028027
235,hami,38.827979228501675,93.38637155948715,288.39,52,100,4.84,CN,1689028028
236,sabzevar,35.996288201839775,56.661396866722384,303.63,12,0,3.41,IR,1689028028
237,puerto san carlos,14.090550281283939,-125.14043548123554,297.59,77,99,6.65,,
238,arraial do cabo,-26.508249849229102,-41.685433529327184,293.84,71,100,7.83,,
239,vorkuta,72.80452611083834,67.0226556195183,275.27,90,83,5.14,,
240,howrah,-45.85057686850981,157.39990601380714,283.52,82,69,13.11,,
241,kapa'a,34.01388016249334,-156.13412468159956,296.07,73,99,2.35,,
242,fort st. john,61.33007891490374,-123.03642335749662,294.69,31,56,1.32,CA,1689028029
243,enewetak,13.776604218906314,162.35909915721356,300.96,78,96,5.53,,
244,remire-montjoly,9.934174475509849,-46.49907774129727,300.77,78,2,3.74,,
245,floro,62.42504013376572,1.927834259224852,286.61,93,100,4.28,,
246,happy valley-goose bay,59.149166100712904,-60.964164026797405,276.9,99,100,9.02,,
247,scottburgh,-30.912128832621164,31.57866046296931,290.79,61,91,12.07,ZA,1689028031
248,fale old settlement,0.411222671731295,-164.48558914675203,301.35,74,10,6.52,,
249,thames,-34.27921251910261,178.10831938134123,288.73,71,4,12.76,,
250,shubarkuduk,48.54693348339916,56.52397725285144,301.78,14,36,3.87,KZ,1689028031
251,santana,38.36954450488639,-15.591489576048275,293.84,76,9,3.68,,
252,belyy yar,58.53886590430099,84.88318515117408,289.18,93,95,3.3,RU,1689028032
253,san felipe,30.565473989576873,-114.7068059222404,307.43,30,0,4.88,MX,1689028032
254,saipan,24.047712490598997,142.7379592537161,301.41,77,65,7.05,,
255,iquique,-20.400528587854083,-69.66521807797955,294.57,27,13,3.3,CL,1689028032
256,yuzhno-kurilsk,44.07135626483441,151.01021377741012,285.83,100,100,2.8,,
257,raja,9.038694883606667,25.213627830542436,297.53,79,72,1.88,SS,1689028033
258,hasaki,36.15066756994423,144.7329823500802,297.13,96,100,6.92,,
259,panama city beach,30.024741606255702,-85.9335627547718,305.96,78,100,7.89,US,1689028033
260,boden,66.60778509815978,22.12006854800771,285.29,79,58,2.18,SE,1689028033
261,rantepao,-2.9524737301115493,119.66238509500306,287.33,96,100,0.95,ID,1689028033
262,starokostiantyniv,49.85730342228595,27.13890189300261,285.6,81,13,2.04,UA,1689028034
263,birobidzhan,48.87687276147068,133.31429236594738,292.63,91,100,3.65,RU,1689028034
264,berdigestyakh,66.6968457018115,126.0111703187307,293.35,56,65,6.24,RU,1689028034
265,ahau,-13.95668322579182,178.2259212339203,300.06,69,93,9.58,,
266,tsiombe,-43.9352985738054,49.339638598136446,277.82,65,99,9.25,,
267,tralee,52.713660689495896,-20.47926177713677,286.97,88,0,6.72,,
268,young,-34.27045018384096,148.51035540143522,280.53,74,85,2.09,AU,1689028035
269,lagoa,-29.41743017456288,-43.21873912087577,293.22,76,100,8.53,,
270,naracoorte,-37.237786562101334,139.40422189155606,288.12,83,2,7.3,AU,1689028035
271,chibougamau,48.63996309082526,-75.14114848415127,295.84,57,64,2.43,CA,1689028036
272,plouzane,48.092600017557544,-5.934345591539682,291.76,95,88,10.36,FR,1689028036
273,richards bay,-32.26427866030501,34.71193842086021,288.67,60,97,6.76,,
274,howard springs,-12.944435782206753,137.62762871870154,298.29,72,89,9.02,AU,1689028036
275,wellington,40.79352344822658,-104.83956065499808,307.19,18,60,2.98,US,1689028037
276,biltine,15.840726426822684,20.884643411078088,307.19,15,100,3.35,TD,1689028037
277,malango,-11.803879796360874,158.46690886495963,299.82,78,100,10.55,,
278,waingapu,-12.555577726399619,119.9267270314005,298.72,69,55,7.47,,
279,yashkul',46.21030534557448,45.071264208272,292.67,76,89,7.33,RU,1689028038
280,luang namtha,21.035111826773658,100.78504457213927,292.97,100,60,0.4,LA,1689028038
281,baikunthpur,24.746199978599464,81.44228185688758,301.85,76,86,3.14,IN,1689028038
282,karasuk,53.197614625178005,77.6611198745357,293.46,82,99,3.22,RU,1689028038
283,yigo village,11.869158255893467,149.28704688877696,301.99,76,32,7.01,,
284,hilo,31.765733106416377,-142.44126110305996,294.53,72,75,4.63,,
285,cargados carajos,-14.354934815163105,63.91945069932274,297.82,78,12,8.86,,
286,borkum,54.69443681147146,6.390295578656122,289.93,86,99,4.42,DE,1689028039
287,sitka,59.289595307912464,-141.07014526534903,285.61,77,100,5.08,US,1689028039
288,susuman,70.46732542225391,152.44406690114965,283.08,45,7,4.78,,
289,alotau,-11.776583604543177,150.66617049655525,299.19,83,100,9.76,PG,1689028040
290,boa vista,1.2143294721677904,-60.50853899827341,299.89,77,60,0.79,BR,1689028040
291,san jose village,17.409422943057237,141.07167775949182,302.38,74,39,8.7,,
292,likasi,-11.240295193298323,26.693505004127815,287.74,49,0,2.23,CD,1689028040
293,pointe aux piments,-19.74069570060989,57.17528082092329,297.02,62,95,5.85,MU,1689028041
294,huarmey,-10.103113280182711,-78.12675493520354,294.91,74,38,4.82,PE,1689028041
295,alo,-13.874257638453273,-177.28147940686426,300.08,81,78,9.37,WF,1689028041
296,saldanha,-34.73236663519686,12.862502474020317,286.56,66,0,4.77,,
297,antsirabe afovoany,-16.306280647306707,48.71618216762215,286.35,96,51,2.2,MG,1689028042
298,blackwater,-23.615401783395683,149.36925169400337,285.07,53,0,3.59,AU,1689028043
299,sanga-sanga,5.608395943022316,119.47669581069454,300.83,79,99,3.02,PH,1689028043
300,dizangue,3.449822468706188,10.088262560707363,296.3,96,69,1.09,CM,1689028044
301,dudinka,75.55018535124063,85.89534679032164,272.83,98,100,6.42,,
302,aqadyr,48.21922675627138,74.2390684851398,292.26,55,5,2.19,KZ,1689028045
303,santa vitoria do palmar,-33.80142856840828,-51.767847076312904,286.7,67,0,8.21,,
304,hithadhoo,-14.15022135352092,76.65443721605476,297.55,65,59,10.42,,
305,christchurch,-44.886293869160816,173.94543984757632,282.83,92,100,2.05,,
306,erenhot,43.58252771313201,112.99357365523872,293.43,56,23,1.7,CN,1689028045
307,kearney,41.77824457568471,-99.0283949170104,304.44,51,0,8.23,US,1689028046
308,hotan,36.40218231078569,79.67216202654049,279.05,74,100,0.92,CN,1689028046
309,ust-nera,76.1381628643044,148.32936466282655,273.83,88,56,6.54,,
310,walvis bay,-24.406887859362982,14.597912469354412,289.65,26,50,6.92,,
311,'ohonua,-23.953133813522186,-172.23124020433409,294.24,64,0,3.17,,
312,la foa,-22.45915609056253,165.6251041275786,294.39,60,100,6.92,NC,1689028047
313,karyes,40.40394154952418,24.148994123847416,297.04,65,0,3.75,GR,1689028047
314,intendente alvear,-34.86954245982146,-63.410574060321224,282.18,41,96,1.18,AR,1689028047
315,egilsstadir,67.62380108454306,-13.08002541721956,277.3,90,87,7.06,,
316,sao joao da barra,-29.356549878120887,-29.368149484893735,290.8,64,54,6.43,,
317,kawthoung,10.10913746595746,98.02652487785781,300.59,78,100,4.24,TH,1689028048
318,kralendijk,14.217242139003346,-68.33161203775892,301.01,85,6,9.61,,
319,al mindak,19.594217124737938,39.92850292421289,304.79,67,93,8.14,,
320,micheweni,-4.5994862232382445,41.65295492021886,299.05,81,22,9.23,,
321,vila franca do campo,38.495628334735386,-22.8001625185139,294.35,84,78,6.04,,
322,chifeng,44.935171901447006,119.58380947582486,290.46,78,96,1.18,CN,1689028054
323,khangarh,29.8938444035893,70.94983648002446,308.45,40,0,2.52,PK,1689028054
324,port blair,11.96836795207497,95.60526606700273,300.94,79,100,5.81,,
325,devinuwara,-2.2008144045023954,83.87743756194311,301.3,75,100,5.5,,
326,kalevala,64.78844413200281,32.17190827220884,281.38,85,5,1.95,RU,1689028055
327,prado,-19.111261258154556,-30.954873799257342,296.12,74,0,2.21,,
328,kayangel,12.329723619637164,133.49441388147306,301.86,77,100,5.02,,
329,beawar,25.986727546348988,74.4520642183748,299.75,79,100,4.87,IN,1689028055
330,breaux bridge,30.496597263731857,-91.79803002413308,305.25,49,60,0.9,US,1689028055
331,shingu,26.710067932474942,138.84147062507355,301.49,76,9,4.44,,
332,amga,59.01785026278597,132.87143678366857,291.09,66,12,1.17,,
333,roma,-27.894620023967256,147.05557827571897,281.78,76,0,3.26,AU,1689028056
334,sisimiut,67.85268757023604,-54.010708988320644,277.21,94,99,4.55,GL,1689028056
335,balaghat,21.755689396410716,80.24237897707872,298.98,87,90,2.15,IN,1689028056
336,rodolfo sanchez taboada,31.346116991069636,-117.09409605811642,290.26,85,1,6.61,MX,1689028056
337,sao felix do xingu,-7.29829742852138,-54.127299216854254,300.82,50,71,0.87,,
338,carlsbad,32.27471447734629,-104.9567643581589,308.84,20,41,0.5,US,1689028057
339,hoemul-li,40.9660577637311,130.5765587289635,292.77,95,34,0.87,KP,1689028057
340,okha,53.82432953670329,148.23150712703165,282.68,88,90,4.83,,
341,alta,69.48761965331306,23.335611025486486,284.93,77,91,0.49,NO,1689028057
342,medina de rioseco,42.12015166457323,-4.886315592449932,297.87,23,0,1.52,ES,1689028058
343,carnarvon,-27.791827975179608,106.6618862497404,290.91,59,0,3.45,,
344,shimoda,26.81144801014696,140.1146646484608,300.88,76,35,4.38,,
345,ishigaki,23.39263846835651,123.91805124363839,302.01,81,62,7.15,JP,1689028058
346,gao,16.275737604689226,0.8701850571911223,307.83,34,32,3.22,ML,1689028058
347,kawant,22.087374350987957,74.17138014078921,298.28,88,100,4.54,IN,1689028058
348,laojunmiao,35.99640529621681,95.09379577545315,276.12,74,100,2.18,CN,1689028059
349,saint-francois,16.561745846316185,-59.70292750169125,301.13,82,10,9.41,GP,1689028059
350,orneta,54.22973597823008,20.271579552391984,289.73,69,98,3.76,PL,1689028059
351,port douglas,-12.977860095715855,145.1629833474803,298.35,85,69,12.79,,
352,nuuk,61.291330005025884,-52.39136253581235,280.45,98,100,2.83,,
353,fort mcmurray,56.76701448793324,-111.06102820215521,295.53,31,0,5.14,CA,1689028060
354,mount isa,-14.89751063352422,137.7951870929923,296.95,62,4,10.1,,
355,edna,28.89742637131441,-96.75902109756404,309.94,49,20,5.66,US,1689028060
356,coquimbo,-27.203105047497218,-81.24867019727813,291.12,79,70,8.89,,
357,anenii noi,46.6110572499465,29.088018619347622,288.65,59,41,3.23,MD,1689028060
358,sinabang,-2.594308043796957,88.98173508201614,299.85,78,71,1.17,,
359,tagaw-bay,35.62512256011651,65.98203620981303,286.88,35,0,1.86,AF,1689028061
360,hammerfest,74.20323074626975,21.498473498245602,280.78,94,100,5.42,,
361,paramonga,-10.752785651124569,-78.25364824766704,293.75,79,92,6.71,PE,1689028061
362,xuddur,3.8395064965575045,44.53958574272042,295.87,81,51,8.2,SO,1689028061
363,lysekil,58.354796265084474,11.28415853121993,289.94,95,100,5.78,SE,1689028061
364,horta,47.22206186861152,-29.10989397029536,289.27,76,56,4.78,,
365,zhelezinka,54.06954464951269,75.73323544682646,294.95,68,71,2.22,RU,1689028062
366,kashgar,39.580934588179105,75.78164208897081,289.2,18,93,5.06,CN,1689028062
367,valenca,-13.234332584952128,-39.04463744459298,294.97,93,4,1.53,BR,1689028062
368,duba,27.453374902668102,35.13954381073779,301.39,72,0,0.21,SA,1689028062
369,casino,-28.569097725156396,152.98660617706224,285.15,72,0,0.96,AU,1689028063
370,diamantino,-13.652983086027334,-55.98835391571333,298.29,33,0,0.64,BR,1689028063
371,knyaze-volkonskoye,47.86511639134508,135.96959479288472,290.05,99,100,0.98,RU,1689028063
372,katsuren-haebaru,25.189859018262,130.4704107471473,302.17,78,0,6.85,JP,1689028063
373,ternate,-0.17894339737875953,127.08963468722209,300.33,80,100,4.98,ID,1689028063
374,ocean shores,47.59670819803037,-124.54101484214087,293.68,79,94,3.21,US,1689028063
375,lerwick,61.4460635029418,1.7557569662302512,288.15,89,100,1.63,,
376,sol'-iletsk,50.810898624098456,55.07571997323859,302.53,22,99,4.92,RU,1689028064
377,kangding,30.794469893747845,100.2474276144091,277.98,95,100,0.35,CN,1689028064
378,winnemucca,42.606359096098714,-118.44696179158899,306.27,18,0,4.3,US,1689028064
379,korla,38.96355765528412,87.02343219823098,297.53,49,100,8.24,,
380,luderitz,-29.33558440628142,3.276189340346747,290.41,68,39,12.22,,
381,narvik,68.67607994696854,17.549317232574197,292.67,77,72,0.77,NO,1689028065
382,mugia,45.15305694587025,-12.922015657764689,291.38,92,99,7.08,,
383,preobrazheniye,41.506738431047495,135.57928938913471,293.17,99,84,5.27,,
384,remiremont,47.976981890762374,6.697440806677633,290.62,66,3,1.32,FR,1689028066
385,vanimo,0.14191400462392778,142.957937001571,300.36,82,100,5.02,,
386,chadan,51.3097114133308,91.21329344492318,284.65,83,93,1.52,RU,1689028066
387,miyanoura,29.954423496839325,129.5721493017125,301.26,85,7,6.27,JP,1689028066
388,nizhniy odes,63.97227590570324,54.916514037328994,279,92,100,2.06,RU,1689028066
389,port saint john's,-46.110507878163425,40.745970798288425,277.06,68,75,12.77,,
390,tehachapi,35.24269451310796,-118.22381790917211,305.11,5,0,4.64,US,1689028067
391,ciudad lazaro cardenas,-1.5663079849090877,-112.85063412602426,299.4,80,55,5.63,,
392,vila velha,-24.90673455729757,-30.14085377039592,293.66,81,76,4.94,,
393,palikir - national government center,2.8499452534734786,155.15872732524593,300.2,82,99,4.11,FM,1689028067
394,redencao,-8.781354566561305,-51.855884378298896,301.04,45,81,0.99,,
395,kapoeta,4.830267576018912,33.83219978435329,299.84,56,55,1.75,SS,1689028068
396,noyabrsk,63.54788940525356,75.14365493017041,284.1,74,95,3.12,RU,1689028068
397,sanctuary point,-38.5351979571535,157.296266883949,288.53,72,64,13.12,,
398,nemuro,36.7037899204679,152.69542994665454,294.79,91,55,7.25,,
399,san andres,13.025105373810987,-81.70610142155913,303.2,86,100,8.03,CO,1689028069
400,pariaman,-0.791414967869656,98.52751423363975,298.47,87,100,3.33,ID,1689028069
401,acapulco de juarez,8.450461485098913,-101.79554007455901,299.6,83,100,4.3,,
402,kununurra,-16.406144152224726,128.96116364320363,291.06,47,20,3.9,AU,1689028069
403,caleta de carquin,-20.85394904662421,-95.29619172708529,293.4,60,23,6.98,,
404,sarikei,2.4602566454698405,111.19296190102915,298.77,89,99,3.3,MY,1689028070
405,ad dawadimi,24.520003647182676,44.81487697038082,303.91,11,22,5.62,SA,1689028070
406,vilyuchinsk,35.543126755832105,165.3026276228406,296.95,88,100,8.35,,
407,agnita,46.033282268345175,24.77812992176439,288.89,88,36,2.11,RO,1689028070
408,lazaro cardenas,27.579600040855567,-122.18939448147458,291.85,77,100,9.11,,
409,adam,21.566818913337656,57.49849328054307,300.21,67,100,5.44,OM,1689028071
410,necochea,-43.77116256194638,-58.19857318375428,279.21,68,14,6.37,,
411,angaur state,6.412394962257778,133.01846214622384,301.03,80,100,7.86,PW,1689028071
412,undurkhaan,47.42237279809592,110.99007683133146,289.66,92,100,1.36,MN,1689028071
413,sault ste. marie,47.49043821013737,-83.91450416404513,294.97,61,52,5.47,CA,1689028071
414,salekhard,67.241665608501,68.26784171074752,279.13,70,0,1.51,RU,1689028072
415,orsta,61.850577852141186,6.488151301218977,287.29,97,100,0.97,NO,1689028072
416,lebu,-28.793900685644907,-90.45697779436514,290.08,65,29,12.45,,
417,itoman,21.56608601401119,130.13875490792003,302.45,78,3,8.43,,
418,puri,19.04343758017353,86.24534056902434,301.75,83,100,4.89,IN,1689028073
419,chonchi,-44.070880502849434,-101.77131411840706,282.09,89,56,6.78,,
420,adrar,28.559718979211468,-1.5985954049971554,309.02,8,0,2.8,DZ,1689028073
421,chernyshevskiy,60.906597365163265,111.46787798345719,289.36,86,100,4.15,,
422,aransas pass,27.815616974787986,-96.958009741834,307.17,79,0,5.14,US,1689028074
423,mong cai,21.611106205411332,107.48594357434712,297.95,94,90,1.44,VN,1689028074
424,brazzaville,-3.7426324318646778,15.538369657631904,297.62,53,74,1.34,CG,1689028074
425,kamina,-9.645680237320263,24.324532410712834,290.54,44,2,1.58,CD,1689028074
426,sandpoint,48.328520863888,-116.8127473018434,302.48,29,82,4.02,US,1689028074
427,acarau,1.9261071527337208,-38.89959779153588,299.7,80,10,6.89,,
428,greenville,2.44654279238695,-10.39278904917353,298.33,74,100,5.76,,
429,griffith,-31.383788345251183,145.75431712663965,280.75,81,0,2.32,AU,1689028075
430,togur,63.203794047295276,83.4448610483334,283.23,96,100,4.71,,
431,uruzgan,32.655479321187784,66.4262777905729,286.2,15,0,0.73,AF,1689028075
432,kataragama,2.7121802129250483,85.44461458824338,301.43,78,100,8.37,,
433,shahrak,33.42309861667053,64.89273519667097,287.3,17,0,1.03,AF,1689028076
434,cassilandia,-18.6241156967652,-52.36366411601806,296.75,32,72,0.76,BR,1689028076
435,kone,-22.333644138006264,159.4355778446187,293.93,64,100,6.98,,
436,nako,-29.540850148186408,28.04141660643512,265.73,94,54,3.09,LS,1689028076
437,novodvinsk,67.80559412061089,43.71333169439774,280.6,90,82,3.31,,
438,saksaul'skiy,47.883033191455354,60.96873151172136,303.49,15,5,4.5,KZ,1689028077
439,quepos,9.429384377902451,-84.14743982828473,300.84,84,72,0.9,CR,1689028077
440,nyurba,68.57353322286752,117.69788996486886,290.87,84,53,3.61,,
441,ust'-kut,58.84550086792305,105.69452131864801,288.75,88,100,3.39,,
442,tete,-15.541376283530411,33.28396683451186,289.03,57,1,4.44,MZ,1689028077
443,tolanaro,-32.86306037170861,48.50420106121061,287.56,60,100,7.7,,
444,kilindoni,-7.8824925621693325,41.72518249106108,298.56,77,62,6.37,,
445,guantanamo,19.728785513062675,-74.87833733197584,305.26,71,19,2.6,CU,1689028078
446,usogorsk,68.39165295556191,47.422773224894144,279.44,92,95,5.87,RU,1689028078
447,pangai,-20.377439183241293,-174.72018840646626,296.07,76,100,5.43,TO,1689028078
448,qarauyl,48.62003197783267,79.28343736484663,289.21,70,46,2.12,KZ,1689028079
449,port-gentil,-0.5488598925907979,9.362645332028023,294.82,86,72,2.83,GA,1689028079
450,amahai,-4.616834767886957,130.51570962185514,299.98,85,100,9.57,,
451,gebeit,22.084054260507386,36.8975681946003,303.29,54,70,2.72,SD,1689028079
452,oranjemund,-30.47734608018107,15.64317255818878,287.38,69,0,11.59,,
453,tindouf,27.698018817249803,-7.977811283644485,312.66,9,3,2.06,DZ,1689028080
454,paphos,34.52243391586063,31.8827075928707,299.95,75,0,6.13,CY,1689028080
455,jwaneng,-24.6762742852774,24.688750783212896,276.71,36,0,3.91,BW,1689028080
456,tlahualilo de zaragoza,26.573780240271816,-103.12397508074079,310.08,19,28,4.53,MX,1689028080
457,dolores,13.156368325525477,128.61144774047324,301.93,77,89,4.02,,
458,bocas del toro,9.703025446822082,-81.68575408727075,302.21,75,64,4.26,PA,1689028080
459,basco,21.730958259016063,122.84036680907712,302.05,78,68,5.35,TW,1689028081
460,sao vicente,33.74610902483805,-20.986173877822296,295.25,83,87,5.95,,
461,antalaha,-15.808413506886396,53.09120546578916,297.38,79,30,7.83,,
462,alice town,25.32837543170183,-79.3227699985974,302.95,64,57,1.52,BS,1689028081
463,"ak""yar",51.84063801068126,57.87307194347258,297.4,38,100,2.83,RU,1689028081
464,sona,6.591953642703913,-81.53964638349937,301.94,72,98,2.53,,
465,makarov,48.06565789998663,143.08196116046662,285.3,97,100,2.91,RU,1689028082
466,kingscliff,-27.776888704018404,156.01322077653037,292.22,49,0,1.4,,
467,holualoa,3.956950556404351,-160.08436076991617,300.77,80,94,6.11,,
468,sanming,25.673231584748805,116.85468258184142,295.14,84,57,1.53,CN,1689028082
469,kouroussa,10.200350033767066,-9.88985481576509,295.8,96,96,2.13,GN,1689028083
470,kashima,33.08025983999751,130.13726622880074,301.99,94,75,6.17,JP,1689028083
471,awjilah,30.203507250143417,22.255388227124115,300.57,35,0,6.26,LY,1689028083
472,betio village,2.6815387537979376,171.43862306215783,301.46,75,100,2.66,,
473,barah,15.043262022294755,29.639150069592006,304.27,37,100,5.82,SD,1689028084
474,bonthe,1.0401529807982683,-21.79264026015457,299.11,73,55,6.82,,
475,port maria,18.81471180352196,-76.68099253069558,302.52,79,8,8.48,JM,1689028084
476,castillos,-39.21648137973465,-48.41655190641774,285.01,72,91,13.75,,
477,mbala,-9.312438406681295,31.76399293764564,286.84,71,2,0.69,ZM,1689028085
478,bol,13.875743817884555,14.304335487923453,303.63,53,28,4.34,TD,1689028085
479,biloela,-24.985451157668095,151.11903051937753,284.73,66,1,0.72,AU,1689028085
480,brookings,41.47483017275985,-137.5665726692008,292.11,91,95,8.87,,
481,kapuskasing,56.77480570732723,-83.47958775018613,275.18,96,100,4.65,,
482,fenoarivo be,-18.469327706358627,46.62663364192983,290.5,67,91,0.65,MG,1689028086
483,qarqin,37.599266804734725,66.20977334940773,303.64,15,0,2.02,AF,1689028086
484,hirara,25.7280679163363,125.04494760163578,302.09,80,26,8.02,JP,1689028086
485,bude,51.173388088769,-4.867885253937061,290.57,95,100,6.82,GB,1689028087
486,rabo de peixe,41.343269641564035,-23.558102911093613,293.57,89,86,6.96,,
487,alakurtti,66.99800281803326,30.648011675637065,283.93,75,70,1.04,RU,1689028087
488,little cayman,19.099835927922797,-80.18482417052083,302.85,77,2,6.16,KY,1689028087
489,prince rupert,42.426771068034896,-139.138133501842,291.27,88,100,2.29,,
490,st. john's,47.69600108119806,-51.232668024993814,284.16,97,69,3.42,CA,1689028088
491,najran,17.441950718752835,44.167148307039895,300.18,18,99,1.05,SA,1689028088
492,altamira,-4.258417608552435,-51.88428506239072,298.37,71,70,0.82,BR,1689028088
493,mahabe,-15.408564125239124,43.452905934079524,298.39,73,12,5.91,,
494,bodaybo,57.30767632470986,114.87485314691861,291.07,66,62,1.8,RU,1689028088
495,karak city,31.112208513366696,36.35625727353485,295.3,66,0,5.63,JO,1689028089
496,flin flon,61.71188813928984,-101.64163633825453,291.44,47,88,3.35,CA,1689028089
497,stephenville,50.18897696074916,-61.04070172529771,288.03,92,100,1.62,CA,1689028089
498,mejit,15.251910496488833,176.8716268652036,300.6,78,97,4.85,,
499,ridgecrest,36.37549199917437,-117.98283956449308,308.36,9,0,6.84,US,1689028090
500,andovoranto,-19.613843759761266,49.677424374000765,297.39,76,16,4.51,MG,1689028090
501,muang khong,14.274542288963005,106.23675748142927,297.35,90,100,0.37,LA,1689028090
502,nuku'alofa,-21.624045778233068,-177.1762700160531,295.03,60,4,2.92,,
503,lethbridge,50.01194933161841,-113.03832121163738,304.59,20,15,7.95,CA,1689028090
504,kalkandere,40.725752889376366,40.59477358807084,285.93,95,100,0.26,TR,1689028091
505,northam,-31.560722052134125,116.4135117645871,280.18,93,3,2.12,AU,1689028091
506,ar ruways,23.73775082726341,52.23349348851451,305.3,51,7,4.4,AE,1689028091
507,ceres,-30.23274958276084,-61.90860741161917,289.68,77,100,4.81,AR,1689028091
508,taltal,-24.89650940057537,-76.67652848743877,290.06,66,92,5.09,,
509,mineiros,-18.450111175081673,-52.66383506991234,296.2,32,21,1.16,BR,1689028092
510,jayapura,-1.4310280501827037,140.64747118255139,300,80,100,2.43,ID,1689028092
511,souillac,-27.37758339803004,59.81239352109583,293.98,83,100,4.78,,
512,verkhnevilyuysk,63.75529178677721,120.91967692313875,292.75,60,49,2.24,RU,1689028092
513,austin,43.91767512464483,-93.00783840050858,304.44,40,0,6.17,US,1689028092
514,san buenaventura,29.696721122238245,-107.22318608113119,305.37,16,77,6.07,MX,1689028093
515,nelson,50.13533910383313,-117.76926399692766,298.86,32,94,3.6,CA,1689028093
516,murray bridge,-35.180794349695795,139.18173322685533,284.03,92,2,2.6,AU,1689028093
517,zapata,27.12132383674148,-98.63828883544376,312.49,29,41,6.76,US,1689028093
518,sagalo,11.77275840989411,-10.61375852506589,296.09,88,77,0.55,GN,1689028093
519,utrik,27.72478170081807,172.41109560843495,299.55,76,95,5.53,,
520,kulia village,-1.179804726042633,178.974880634663,301.46,76,100,5.08,,
521,slavyanka,42.785081179210096,131.03801710816725,293.92,87,97,1.78,RU,1689028095
522,ghadamis,28.78080787637529,9.426684135269994,307.44,17,22,8.94,DZ,1689028096
523,javea,39.00466393821972,0.3631768638103665,300.38,90,61,2.38,ES,1689028096
524,ulsteinvik,68.37002149582457,0.9408627683372117,281.33,83,100,2.97,,
525,campbell river,51.82710081783338,-125.38470232415818,291.05,38,9,4.1,CA,1689028096
526,terrace,59.10236402783465,-128.8275314151569,292.97,57,69,1.78,CA,1689028097
527,samarinda,0.30840297562363617,115.81542545303802,295.31,100,84,0.34,,
528,cable beach,-14.536639296491927,119.34077695135773,298.48,58,15,6.97,,
529,niquero,19.77754055488748,-77.98210308498176,302.8,77,74,6.08,CU,1689028097
530,mogadishu,-0.4744193908002359,47.27462677221837,298.85,85,98,7.89,,
531,ascencion,30.990551467611056,-107.69430684672959,308.53,18,46,2.73,MX,1689028098
532,zhob,31.203618697272333,69.59564474875609,295.83,65,0,1.09,PK,1689028098
533,smithers,63.16413781597859,-126.02915524611502,297.39,34,62,1.59,CA,1689028098
534,colares,38.18720402482313,-13.667971931667807,293.85,76,0,5.61,,
535,oeiras,-6.925274321040007,-42.25760334173998,303.04,36,56,2.33,BR,1689028099
536,dolores hidalgo cuna de la independencia nacional,21.31682359613535,-101.01908951873095,301.15,34,51,8.12,MX,1689028099
537,naze,27.047166158046153,132.5350077360465,301.07,83,1,5.55,,
538,galliano,26.1720476589945,-89.06076007302804,302.92,71,47,3.81,,
539,shakiso,4.897996180993005,40.04520583740157,293.31,58,24,2.55,ET,1689028100
540,am djarass,17.335750618702306,25.852944087349783,304.12,20,98,2.74,,
541,igarka,64.67841063070352,84.26847079175934,281.63,96,68,3.06,RU,1689028100
542,puerto colombia,13.055152944907888,-76.24611753669484,301.05,85,35,12.63,,
543,oliva de la frontera,38.10751743249992,-6.9616414463219485,298.48,25,0,1.57,ES,1689028101
544,san luis de la loma,16.490848905640902,-100.91650375711855,302.55,68,100,0.74,MX,1689028101
545,masina,-4.607862988908664,15.679153734465444,297.79,53,20,1.16,CD,1689028101
546,guarambare,-25.51690398605703,-57.46668986165338,299.07,81,100,0.77,PY,1689028101
547,manta,-0.8818305739631,-82.07117127776962,298.88,81,63,6.17,EC,1689028101
548,axim,-2.3169864234135815,-3.1834955503659614,297.57,67,78,5.89,,
549,cradock,-31.71810050970278,25.680902534400104,274.66,87,7,3.21,ZA,1689028102
550,afif,24.871019484740373,42.52864566755335,302.35,14,30,1.44,SA,1689028102
551,yunak,38.71813818689279,31.484507562172382,286.42,62,0,2.84,TR,1689028102
552,daru,-8.195956974274495,143.88735177506766,299.08,87,100,9.76,PG,1689028102
553,sinjar,35.830780724297455,41.973161403534505,303.29,25,0,4.42,IQ,1689028102
554,belyye berega,53.25548165110379,34.6812584112248,285.79,79,63,3.2,RU,1689028103
555,nadi,-23.42198380807271,175.05389934990814,293.82,61,75,6.36,,
556,ibirapitanga,-14.027601849854236,-39.26156019258073,292.99,98,30,0.92,BR,1689028103
557,loikaw,19.93663305786012,97.57718174175926,294.04,99,48,0.38,MM,1689028103
558,road town,21.870274176215418,-63.91307041577042,301.33,82,49,7.04,,
559,al jawf,21.272832373272877,25.983703051405143,300.61,18,100,4.63,,
560,al khawr,25.736583112836115,52.18422378686617,305.1,70,0,1.47,QA,1689028104
561,kirklareli,41.691343052253416,27.194185184374618,293.3,53,2,0.65,TR,1689028104
562,novozybkov,52.72872078978861,31.895381715337777,284.24,91,42,3.57,RU,1689028104
563,zouerate,22.208963893587054,-11.064978780486115,309.62,12,9,1.55,,
564,talakan,51.566249827641315,130.9544704606937,292.49,60,0,0.55,RU,1689028104
565,papao,-24.412452694024367,-151.6393725228056,296.64,82,5,4.39,,
566,businga,3.2406827916740184,21.751976347753242,295.87,90,100,1.58,CD,1689028105
567,santa elena de uairen,5.117661943465251,-62.450860047287165,296.84,87,71,1.13,VE,1689028105
568,brandon,50.44850515349211,-100.6665491152727,291.13,41,3,6.06,CA,1689028106
